{
  "period": "2019-2025",
  "parameters": {
    "NDCI": {
      "mean_change": 0.021805245260215957,
      "std_change": 0.050047169446404756,
      "pct_increased": 66.2,
      "pct_decreased": 33.8
    },
    "NDTI": {
      "mean_change": -0.006413097638291703,
      "std_change": 0.07129475915650214,
      "pct_increased": 46.4,
      "pct_decreased": 53.6
    },
    "TSS": {
      "mean_change": -8.600489333807106,
      "std_change": 8.693398887709352,
      "pct_increased": 3.7,
      "pct_decreased": 96.3
    },
    "CDOM": {
      "mean_change": -0.0068349576981386875,
      "std_change": 0.10375783884495507,
      "pct_increased": 47.2,
      "pct_decreased": 52.8
    },
    "Secchi_Depth": {
      "mean_change": 0.004261475650998283,
      "std_change": 0.03323400564160314,
      "pct_increased": 55.3,
      "pct_decreased": 44.7
    },
    "SST": {
      "mean_change": 0.4950378245404903,
      "std_change": 2.592052116865661,
      "pct_increased": 57.0,
      "pct_decreased": 43.0
    }
  }
}