{
  "period": "2019-2025",
  "parameters": {
    "NDCI": {
      "mean_change": 0.043259910592194084,
      "std_change": 0.05185414305985706,
      "pct_increased": 80.1,
      "pct_decreased": 19.9
    },
    "NDTI": {
      "mean_change": 0.004657760133165166,
      "std_change": 0.0729817461259147,
      "pct_increased": 52.1,
      "pct_decreased": 47.9
    },
    "TSS": {
      "mean_change": -7.232343260636683,
      "std_change": 7.403110785845791,
      "pct_increased": 4.3,
      "pct_decreased": 95.7
    },
    "CDOM": {
      "mean_change": -0.009160835782286216,
      "std_change": 0.10659214448715641,
      "pct_increased": 46.3,
      "pct_decreased": 53.7
    },
    "Secchi_Depth": {
      "mean_change": 0.00959841985705613,
      "std_change": 0.030894551348111733,
      "pct_increased": 64.3,
      "pct_decreased": 35.7
    },
    "SST": {
      "mean_change": -1.0999708929676495,
      "std_change": 1.6660945329031576,
      "pct_increased": 20.4,
      "pct_decreased": 79.6
    }
  }
}