year,Bersih,Sedang,Tercemar
2019,58.43349358974359,40.88541666666667,0.6810897435897436
2020,59.29859719438878,39.278557114228455,1.4228456913827654
2021,61.39823717948718,37.72035256410257,0.8814102564102564
2022,58.713942307692314,34.234775641025635,7.051282051282051
2023,58.35336538461539,40.02403846153847,1.622596153846154
2024,59.69551282051282,39.1025641025641,1.201923076923077
2025,61.578525641025635,36.97916666666667,1.4423076923076923
