{
  "NDCI": {
    "Random Forest": {
      "R2": 0.9993,
      "RMSE": 0.001252,
      "MAE": 6.2e-05
    },
    "Gradient Boosting": {
      "R2": 0.9994,
      "RMSE": 0.001219,
      "MAE": 0.000424
    },
    "SVR": {
      "R2": 0.5938,
      "RMSE": 0.030908,
      "MAE": 0.025617
    },
    "feature_importance": {
      "B2": 0.0,
      "B3": 0.0,
      "B4": 0.0,
      "B5": 0.0,
      "B6": 0.0001,
      "B7": 0.0,
      "B8": 0.0001,
      "B11": 0.0,
      "B2_B3_ratio": 0.0001,
      "B4_B3_ratio": 0.0001,
      "B5_B4_ratio": 0.9995
    }
  },
  "NDTI": {
    "Random Forest": {
      "R2": 0.9998,
      "RMSE": 0.001082,
      "MAE": 7.4e-05
    },
    "Gradient Boosting": {
      "R2": 0.9997,
      "RMSE": 0.001478,
      "MAE": 0.000694
    },
    "SVR": {
      "R2": 0.8564,
      "RMSE": 0.033234,
      "MAE": 0.027735
    },
    "feature_importance": {
      "B2": 0.0,
      "B3": 0.0,
      "B4": 0.0,
      "B5": 0.0,
      "B6": 0.0,
      "B7": 0.0,
      "B8": 0.0,
      "B11": 0.0,
      "B2_B3_ratio": 0.0,
      "B4_B3_ratio": 0.9999,
      "B5_B4_ratio": 0.0
    }
  },
  "TSS": {
    "Random Forest": {
      "R2": 0.994,
      "RMSE": 1.544233,
      "MAE": 0.059521
    },
    "Gradient Boosting": {
      "R2": 0.9977,
      "RMSE": 0.953637,
      "MAE": 0.215508
    },
    "SVR": {
      "R2": 0.6222,
      "RMSE": 12.276303,
      "MAE": 1.129337
    },
    "feature_importance": {
      "B2": 0.0429,
      "B3": 0.0922,
      "B4": 0.5937,
      "B5": 0.1677,
      "B6": 0.0341,
      "B7": 0.0145,
      "B8": 0.0321,
      "B11": 0.0099,
      "B2_B3_ratio": 0.0073,
      "B4_B3_ratio": 0.0049,
      "B5_B4_ratio": 0.0008
    }
  },
  "CDOM": {
    "Random Forest": {
      "R2": 1.0,
      "RMSE": 0.001005,
      "MAE": 0.000116
    },
    "Gradient Boosting": {
      "R2": 0.9999,
      "RMSE": 0.001853,
      "MAE": 0.001257
    },
    "SVR": {
      "R2": 0.9703,
      "RMSE": 0.031356,
      "MAE": 0.024419
    },
    "feature_importance": {
      "B2": 0.0,
      "B3": 0.0,
      "B4": 0.0,
      "B5": 0.0,
      "B6": 0.0,
      "B7": 0.0,
      "B8": 0.0,
      "B11": 0.0,
      "B2_B3_ratio": 0.9999,
      "B4_B3_ratio": 0.0,
      "B5_B4_ratio": 0.0
    }
  },
  "Secchi_Depth": {
    "Random Forest": {
      "R2": 0.9991,
      "RMSE": 0.001875,
      "MAE": 0.000438
    },
    "Gradient Boosting": {
      "R2": 0.9993,
      "RMSE": 0.001685,
      "MAE": 0.001004
    },
    "SVR": {
      "R2": 0.3566,
      "RMSE": 0.049535,
      "MAE": 0.04464
    },
    "feature_importance": {
      "B2": 0.0039,
      "B3": 0.0042,
      "B4": 0.0009,
      "B5": 0.0006,
      "B6": 0.0003,
      "B7": 0.0003,
      "B8": 0.0003,
      "B11": 0.0003,
      "B2_B3_ratio": 0.9888,
      "B4_B3_ratio": 0.0003,
      "B5_B4_ratio": 0.0002
    }
  }
}