{
  "year": 2019,
  "statistics": {
    "NDCI": {
      "count": 2818214,
      "max": 0.4285714328289032,
      "mean": -0.004604310581280271,
      "min": -0.26479750871658325,
      "stdDev": 0.03774733630981141,
      "coverage_pct": 50.84
    },
    "NDTI": {
      "count": 2818214,
      "max": 0.16919344663619995,
      "mean": -0.28712857907887757,
      "min": -0.5938590168952942,
      "stdDev": 0.07587111397399976,
      "coverage_pct": 50.84
    },
    "TSS": {
      "count": 2818214,
      "max": 768.98095703125,
      "mean": 21.02400983619442,
      "min": 5.365792751312256,
      "stdDev": 18.930855501167585,
      "coverage_pct": 50.84
    },
    "CDOM": {
      "count": 2818214,
      "max": 1.6541666666666666,
      "mean": 1.0643074556240832,
      "min": 0.49174078780177893,
      "stdDev": 0.16741932851040714,
      "coverage_pct": 50.84
    },
    "Secchi_Depth": {
      "count": 2818214,
      "max": 1.4371795310004845,
      "mean": 0.9856810859260994,
      "min": 0.8342537913329027,
      "stdDev": 0.06016630293603233,
      "coverage_pct": 50.84
    },
    "SST": {
      "count": 5524945,
      "max": 79.2016830444336,
      "mean": 34.076351855953234,
      "min": 24.34075164794922,
      "stdDev": 5.192256338505643,
      "coverage_pct": 99.67
    }
  }
}