{
  "year": 2021,
  "statistics": {
    "NDCI": {
      "count": 2830100,
      "max": 0.45219266414642334,
      "mean": -0.021389624174498748,
      "min": -0.7397453784942627,
      "stdDev": 0.0388266490925093,
      "coverage_pct": 51.06
    },
    "NDTI": {
      "count": 2830100,
      "max": 0.13224093616008759,
      "mean": -0.2915863570332726,
      "min": -0.668498158454895,
      "stdDev": 0.08207233326196263,
      "coverage_pct": 51.06
    },
    "TSS": {
      "count": 2830100,
      "max": 813.478759765625,
      "mean": 13.912065430472953,
      "min": 2.1539981365203857,
      "stdDev": 16.19835331557175,
      "coverage_pct": 51.06
    },
    "CDOM": {
      "count": 2830100,
      "max": 1.7475862068965518,
      "mean": 1.0991943876262316,
      "min": 0.40093736685129955,
      "stdDev": 0.18326109856900596,
      "coverage_pct": 51.06
    },
    "Secchi_Depth": {
      "count": 2830100,
      "max": 1.426562337109696,
      "mean": 0.9783619023971895,
      "min": 0.8154059143404937,
      "stdDev": 0.05935993866431101,
      "coverage_pct": 51.06
    },
    "SST": {
      "count": 5470051,
      "max": 83.33748626708984,
      "mean": 34.89425217786625,
      "min": -123.14852142333984,
      "stdDev": 4.894341095065319,
      "coverage_pct": 98.68
    }
  }
}