{
  "year": 2022,
  "statistics": {
    "NDCI": {
      "count": 2659487,
      "max": 0.7297424077987671,
      "mean": 0.009594673059285023,
      "min": -1,
      "stdDev": 0.05656358256793478,
      "coverage_pct": 47.98
    },
    "NDTI": {
      "count": 2659487,
      "max": 0.7372003793716431,
      "mean": -0.2721198000008875,
      "min": -0.8312236070632935,
      "stdDev": 0.13807919490437598,
      "coverage_pct": 47.98
    },
    "TSS": {
      "count": 2659487,
      "max": 3726.9990234375,
      "mean": 31.62590356053676,
      "min": 0.05327315628528595,
      "stdDev": 77.74727915390318,
      "coverage_pct": 47.98
    },
    "CDOM": {
      "count": 2659487,
      "max": 4.955773955773956,
      "mean": 1.071930432907376,
      "min": 0.19863636363636364,
      "stdDev": 0.15289595582397117,
      "coverage_pct": 47.98
    },
    "Secchi_Depth": {
      "count": 2659487,
      "max": 2.867896814627107,
      "mean": 0.9850538203671513,
      "min": 0.4739291691128859,
      "stdDev": 0.05302540021694608,
      "coverage_pct": 47.98
    },
    "SST": {
      "count": 5503157,
      "max": 74.86079406738281,
      "mean": 30.514453765501976,
      "min": 7.888112545013428,
      "stdDev": 6.792009975057924,
      "coverage_pct": 99.28
    }
  }
}