{
  "year": 2023,
  "statistics": {
    "NDCI": {
      "count": 2801398,
      "max": 0.5350318551063538,
      "mean": -0.0010929816075909093,
      "min": -0.48235294222831726,
      "stdDev": 0.04750508680085698,
      "coverage_pct": 50.54
    },
    "NDTI": {
      "count": 2801398,
      "max": 0.13267263770103455,
      "mean": -0.2892358490044266,
      "min": -0.7255319356918335,
      "stdDev": 0.0889912034028525,
      "coverage_pct": 50.54
    },
    "TSS": {
      "count": 2801398,
      "max": 2644.152099609375,
      "mean": 18.82773729859208,
      "min": 2.5052168369293213,
      "stdDev": 20.495872200850034,
      "coverage_pct": 50.54
    },
    "CDOM": {
      "count": 2801398,
      "max": 2.196652719665272,
      "mean": 1.1219836850752056,
      "min": 0.3704866562009419,
      "stdDev": 0.19496088790992375,
      "coverage_pct": 50.54
    },
    "Secchi_Depth": {
      "count": 2801398,
      "max": 1.4738731236926268,
      "mean": 0.9686700467830752,
      "min": 0.7777403565027918,
      "stdDev": 0.0655482856788905,
      "coverage_pct": 50.54
    },
    "SST": {
      "count": 5524409,
      "max": 77.12181091308594,
      "mean": 34.897668758172124,
      "min": 18.362634658813477,
      "stdDev": 5.287408596065955,
      "coverage_pct": 99.66
    }
  }
}