{
  "year": 2024,
  "statistics": {
    "NDCI": {
      "count": 2804270,
      "max": 0.5731487274169922,
      "mean": 0.04822962618072931,
      "min": -0.3126760423183441,
      "stdDev": 0.0456599658432159,
      "coverage_pct": 50.59
    },
    "NDTI": {
      "count": 2804270,
      "max": 0.16149257123470306,
      "mean": -0.27994596761919727,
      "min": -0.5961778163909912,
      "stdDev": 0.07993885182306242,
      "coverage_pct": 50.59
    },
    "TSS": {
      "count": 2804270,
      "max": 1885.05615234375,
      "mean": 16.633692837111845,
      "min": 3.351828098297119,
      "stdDev": 20.086760678275496,
      "coverage_pct": 50.59
    },
    "CDOM": {
      "count": 2804270,
      "max": 2.02,
      "mean": 1.1254779733497133,
      "min": 0.4136239782016349,
      "stdDev": 0.18470340717842182,
      "coverage_pct": 50.59
    },
    "Secchi_Depth": {
      "count": 2804270,
      "max": 1.858318302040361,
      "mean": 0.9677584143966242,
      "min": 0.7732742748430257,
      "stdDev": 0.058691644999551186,
      "coverage_pct": 50.59
    },
    "SST": {
      "count": 5524884,
      "max": 82.98200988769531,
      "mean": 34.591742818535,
      "min": 17.54743766784668,
      "stdDev": 5.273520552230905,
      "coverage_pct": 99.67
    }
  }
}