{
  "year": 2020,
  "statistics": {
    "NDCI": {
      "count": 2829706,
      "max": 0.42092108726501465,
      "mean": 0.01200415820026267,
      "min": -0.4974619150161743,
      "stdDev": 0.03398082116403938,
      "coverage_pct": 51.05
    },
    "NDTI": {
      "count": 2829706,
      "max": 0.11312931776046753,
      "mean": -0.28261472219459904,
      "min": -0.8303030133247375,
      "stdDev": 0.07893629380293475,
      "coverage_pct": 51.05
    },
    "TSS": {
      "count": 2829706,
      "max": 2081.018310546875,
      "mean": 19.785044280053654,
      "min": 0.5483264923095703,
      "stdDev": 17.13372119893679,
      "coverage_pct": 51.05
    },
    "CDOM": {
      "count": 2829706,
      "max": 1.865979381443299,
      "mean": 1.0900126343472678,
      "min": 0.4619395203336809,
      "stdDev": 0.18844924464700274,
      "coverage_pct": 51.05
    },
    "Secchi_Depth": {
      "count": 2829706,
      "max": 1.4088755639538117,
      "mean": 0.978309144953457,
      "min": 0.8004050798128806,
      "stdDev": 0.06118358345146636,
      "coverage_pct": 51.05
    },
    "SST": {
      "count": 5506560,
      "max": 78.31128692626953,
      "mean": 34.25719111636051,
      "min": 7.963308811187744,
      "stdDev": 5.514355735325101,
      "coverage_pct": 99.34
    }
  }
}