{
  "year": 2025,
  "statistics": {
    "NDCI": {
      "count": 2812507,
      "max": 0.550000011920929,
      "mean": 0.017004164832248463,
      "min": -0.6728624701499939,
      "stdDev": 0.05247327526916849,
      "coverage_pct": 50.74
    },
    "NDTI": {
      "count": 2812507,
      "max": 0.1270604431629181,
      "mean": -0.29381142760256945,
      "min": -0.8455497622489929,
      "stdDev": 0.08809953256688094,
      "coverage_pct": 50.74
    },
    "TSS": {
      "count": 2812507,
      "max": 1524.867919921875,
      "mean": 12.371659154499579,
      "min": 0.267486572265625,
      "stdDev": 17.661919116892864,
      "coverage_pct": 50.74
    },
    "CDOM": {
      "count": 2812507,
      "max": 2.526315789473684,
      "mean": 1.057793797999999,
      "min": 0.4247020585048754,
      "stdDev": 0.16819840680435957,
      "coverage_pct": 50.74
    },
    "Secchi_Depth": {
      "count": 2812507,
      "max": 1.3884166138448772,
      "mean": 0.9897989191349087,
      "min": 0.8009729839722296,
      "stdDev": 0.054520146360793297,
      "coverage_pct": 50.74
    },
    "SST": {
      "count": 5523375,
      "max": 77.24486541748047,
      "mean": 34.57165244928529,
      "min": 11.367656707763672,
      "stdDev": 4.913664730507207,
      "coverage_pct": 99.64
    }
  }
}