{
  "2019": {
    "NDCI": {
      "count": 2818214,
      "max": 0.4285714328289032,
      "mean": -0.004604310581280271,
      "min": -0.26479750871658325,
      "stdDev": 0.03774733630981141,
      "coverage_pct": 50.84
    },
    "NDTI": {
      "count": 2818214,
      "max": 0.16919344663619995,
      "mean": -0.28712857907887757,
      "min": -0.5938590168952942,
      "stdDev": 0.07587111397399976,
      "coverage_pct": 50.84
    },
    "TSS": {
      "count": 2818214,
      "max": 768.98095703125,
      "mean": 21.02400983619442,
      "min": 5.365792751312256,
      "stdDev": 18.930855501167585,
      "coverage_pct": 50.84
    },
    "CDOM": {
      "count": 2818214,
      "max": 1.6541666666666666,
      "mean": 1.0643074556240832,
      "min": 0.49174078780177893,
      "stdDev": 0.16741932851040714,
      "coverage_pct": 50.84
    },
    "Secchi_Depth": {
      "count": 2818214,
      "max": 1.4371795310004845,
      "mean": 0.9856810859260994,
      "min": 0.8342537913329027,
      "stdDev": 0.06016630293603233,
      "coverage_pct": 50.84
    },
    "SST": {
      "count": 5524945,
      "max": 79.2016830444336,
      "mean": 34.076351855953234,
      "min": 24.34075164794922,
      "stdDev": 5.192256338505643,
      "coverage_pct": 99.67
    }
  },
  "2020": {
    "NDCI": {
      "count": 2829706,
      "max": 0.42092108726501465,
      "mean": 0.01200415820026267,
      "min": -0.4974619150161743,
      "stdDev": 0.03398082116403938,
      "coverage_pct": 51.05
    },
    "NDTI": {
      "count": 2829706,
      "max": 0.11312931776046753,
      "mean": -0.28261472219459904,
      "min": -0.8303030133247375,
      "stdDev": 0.07893629380293475,
      "coverage_pct": 51.05
    },
    "TSS": {
      "count": 2829706,
      "max": 2081.018310546875,
      "mean": 19.785044280053654,
      "min": 0.5483264923095703,
      "stdDev": 17.13372119893679,
      "coverage_pct": 51.05
    },
    "CDOM": {
      "count": 2829706,
      "max": 1.865979381443299,
      "mean": 1.0900126343472678,
      "min": 0.4619395203336809,
      "stdDev": 0.18844924464700274,
      "coverage_pct": 51.05
    },
    "Secchi_Depth": {
      "count": 2829706,
      "max": 1.4088755639538117,
      "mean": 0.978309144953457,
      "min": 0.8004050798128806,
      "stdDev": 0.06118358345146636,
      "coverage_pct": 51.05
    },
    "SST": {
      "count": 5506560,
      "max": 78.31128692626953,
      "mean": 34.25719111636051,
      "min": 7.963308811187744,
      "stdDev": 5.514355735325101,
      "coverage_pct": 99.34
    }
  },
  "2021": {
    "NDCI": {
      "count": 2830100,
      "max": 0.45219266414642334,
      "mean": -0.021389624174498748,
      "min": -0.7397453784942627,
      "stdDev": 0.0388266490925093,
      "coverage_pct": 51.06
    },
    "NDTI": {
      "count": 2830100,
      "max": 0.13224093616008759,
      "mean": -0.2915863570332726,
      "min": -0.668498158454895,
      "stdDev": 0.08207233326196263,
      "coverage_pct": 51.06
    },
    "TSS": {
      "count": 2830100,
      "max": 813.478759765625,
      "mean": 13.912065430472953,
      "min": 2.1539981365203857,
      "stdDev": 16.19835331557175,
      "coverage_pct": 51.06
    },
    "CDOM": {
      "count": 2830100,
      "max": 1.7475862068965518,
      "mean": 1.0991943876262316,
      "min": 0.40093736685129955,
      "stdDev": 0.18326109856900596,
      "coverage_pct": 51.06
    },
    "Secchi_Depth": {
      "count": 2830100,
      "max": 1.426562337109696,
      "mean": 0.9783619023971895,
      "min": 0.8154059143404937,
      "stdDev": 0.05935993866431101,
      "coverage_pct": 51.06
    },
    "SST": {
      "count": 5470051,
      "max": 83.33748626708984,
      "mean": 34.89425217786625,
      "min": -123.14852142333984,
      "stdDev": 4.894341095065319,
      "coverage_pct": 98.68
    }
  },
  "2022": {
    "NDCI": {
      "count": 2659487,
      "max": 0.7297424077987671,
      "mean": 0.009594673059285023,
      "min": -1,
      "stdDev": 0.05656358256793478,
      "coverage_pct": 47.98
    },
    "NDTI": {
      "count": 2659487,
      "max": 0.7372003793716431,
      "mean": -0.2721198000008875,
      "min": -0.8312236070632935,
      "stdDev": 0.13807919490437598,
      "coverage_pct": 47.98
    },
    "TSS": {
      "count": 2659487,
      "max": 3726.9990234375,
      "mean": 31.62590356053676,
      "min": 0.05327315628528595,
      "stdDev": 77.74727915390318,
      "coverage_pct": 47.98
    },
    "CDOM": {
      "count": 2659487,
      "max": 4.955773955773956,
      "mean": 1.071930432907376,
      "min": 0.19863636363636364,
      "stdDev": 0.15289595582397117,
      "coverage_pct": 47.98
    },
    "Secchi_Depth": {
      "count": 2659487,
      "max": 2.867896814627107,
      "mean": 0.9850538203671513,
      "min": 0.4739291691128859,
      "stdDev": 0.05302540021694608,
      "coverage_pct": 47.98
    },
    "SST": {
      "count": 5503157,
      "max": 74.86079406738281,
      "mean": 30.514453765501976,
      "min": 7.888112545013428,
      "stdDev": 6.792009975057924,
      "coverage_pct": 99.28
    }
  },
  "2023": {
    "NDCI": {
      "count": 2801398,
      "max": 0.5350318551063538,
      "mean": -0.0010929816075909093,
      "min": -0.48235294222831726,
      "stdDev": 0.04750508680085698,
      "coverage_pct": 50.54
    },
    "NDTI": {
      "count": 2801398,
      "max": 0.13267263770103455,
      "mean": -0.2892358490044266,
      "min": -0.7255319356918335,
      "stdDev": 0.0889912034028525,
      "coverage_pct": 50.54
    },
    "TSS": {
      "count": 2801398,
      "max": 2644.152099609375,
      "mean": 18.82773729859208,
      "min": 2.5052168369293213,
      "stdDev": 20.495872200850034,
      "coverage_pct": 50.54
    },
    "CDOM": {
      "count": 2801398,
      "max": 2.196652719665272,
      "mean": 1.1219836850752056,
      "min": 0.3704866562009419,
      "stdDev": 0.19496088790992375,
      "coverage_pct": 50.54
    },
    "Secchi_Depth": {
      "count": 2801398,
      "max": 1.4738731236926268,
      "mean": 0.9686700467830752,
      "min": 0.7777403565027918,
      "stdDev": 0.0655482856788905,
      "coverage_pct": 50.54
    },
    "SST": {
      "count": 5524409,
      "max": 77.12181091308594,
      "mean": 34.897668758172124,
      "min": 18.362634658813477,
      "stdDev": 5.287408596065955,
      "coverage_pct": 99.66
    }
  },
  "2024": {
    "NDCI": {
      "count": 2804270,
      "max": 0.5731487274169922,
      "mean": 0.04822962618072931,
      "min": -0.3126760423183441,
      "stdDev": 0.0456599658432159,
      "coverage_pct": 50.59
    },
    "NDTI": {
      "count": 2804270,
      "max": 0.16149257123470306,
      "mean": -0.27994596761919727,
      "min": -0.5961778163909912,
      "stdDev": 0.07993885182306242,
      "coverage_pct": 50.59
    },
    "TSS": {
      "count": 2804270,
      "max": 1885.05615234375,
      "mean": 16.633692837111845,
      "min": 3.351828098297119,
      "stdDev": 20.086760678275496,
      "coverage_pct": 50.59
    },
    "CDOM": {
      "count": 2804270,
      "max": 2.02,
      "mean": 1.1254779733497133,
      "min": 0.4136239782016349,
      "stdDev": 0.18470340717842182,
      "coverage_pct": 50.59
    },
    "Secchi_Depth": {
      "count": 2804270,
      "max": 1.858318302040361,
      "mean": 0.9677584143966242,
      "min": 0.7732742748430257,
      "stdDev": 0.058691644999551186,
      "coverage_pct": 50.59
    },
    "SST": {
      "count": 5524884,
      "max": 82.98200988769531,
      "mean": 34.591742818535,
      "min": 17.54743766784668,
      "stdDev": 5.273520552230905,
      "coverage_pct": 99.67
    }
  },
  "2025": {
    "NDCI": {
      "count": 2812507,
      "max": 0.550000011920929,
      "mean": 0.017004164832248463,
      "min": -0.6728624701499939,
      "stdDev": 0.05247327526916849,
      "coverage_pct": 50.74
    },
    "NDTI": {
      "count": 2812507,
      "max": 0.1270604431629181,
      "mean": -0.29381142760256945,