parameter,slope_per_year,p_value,significance
NDCI,0.005627607313158118,0.19047719552256942,Not Significant
NDTI,-0.00044144744255093197,0.7867594021234147,Not Significant
TSS,-0.9765743951017505,0.46407960261439585,Not Significant
CDOM,0.0026492500922004375,0.648798560841393,Not Significant
Secchi_Depth,-0.0006585648964768494,0.7192913330768819,Not Significant
SST,0.07708649159467942,0.8191750799158615,Not Significant
